Team,Year,Female_Participants
Afghanistan,2004,2
Afghanistan,2008,1
Afghanistan,2012,1
Afghanistan,2016,1
Albania,1972,1
Albania,1992,2
Albania,1996,6
Albania,2000,3
Albania,2004,2
Albania,2008,5
Albania,2012,3
Albania,2014,2
Albania,2016,3
Algeria,1988,3
Algeria,1992,4
Algeria,1996,6
Algeria,2000,10
Algeria,2004,17
Algeria,2006,2
Algeria,2008,22
Algeria,2012,17
Algeria,2016,13
American Samoa,1996,1
American Samoa,2000,1
American Samoa,2004,1
American Samoa,2008,2
American Samoa,2012,1
American Samoa,2016,1
Ancora,1920,1
Andorra,1988,5
Andorra,1992,4
Andorra,1994,5
Andorra,1996,2
Andorra,1998,2
Andorra,2000,2
Andorra,2002,2
Andorra,2004,2
Andorra,2008,2
Andorra,2010,7
Andorra,2012,2
Andorra,2014,5
Andorra,2016,2
Angelita,1936,1
Angola,1980,2
Angola,1988,11
Angola,1992,6
Angola,1996,17
Angola,2000,15
Angola,2004,16
Angola,2008,15
Angola,2012,29
Angola,2016,18
Antigua and Barbuda,1984,8
Antigua and Barbuda,1988,4
Antigua and Barbuda,1992,5
Antigua and Barbuda,1996,11
Antigua and Barbuda,2000,2
Antigua and Barbuda,2004,2
Antigua and Barbuda,2008,1
Antigua and Barbuda,2012,2
Antigua and Barbuda,2016,2
Argentina,1936,1
Argentina,1948,20
Argentina,1952,21
Argentina,1956,1
Argentina,1960,4
Argentina,1964,13
Argentina,1968,15
Argentina,1972,10
Argentina,1976,18
Argentina,1984,26
Argentina,1988,51
Argentina,1992,45
Argentina,1994,13
Argentina,1996,69
Argentina,1998,5
Argentina,2000,52
Argentina,2002,11
Argentina,2004,55
Argentina,2006,9
Argentina,2008,56
Argentina,2010,12
Argentina,2012,45
Argentina,2014,9
Argentina,2016,82
Armenia,1996,2
Armenia,1998,3
Armenia,2000,2
Armenia,2002,8
Armenia,2004,2
Armenia,2006,1
Armenia,2008,2
Armenia,2010,3
Armenia,2012,4
Armenia,2014,1
Armenia,2016,10
Aruba,1988,7
Aruba,1992,1
Aruba,2000,2
Aruba,2004,1
Aruba,2012,1
Aruba,2016,4
Australasia,1912,2
Australia,1920,3
Australia,1924,1
Australia,1928,7
Australia,1932,5
Australia,1936,6
Australia,1948,18
Australia,1952,20
Australia,1956,74
Australia,1960,62
Australia,1964,97
Australia,1968,61
Australia,1972,73
Australia,1976,78
Australia,1980,66
Australia,1984,112
Australia,1988,107
Australia,1992,172
Australia,1994,12
Australia,1996,237
Australia,1998,10
Australia,2000,352
Australia,2002,19
Australia,2004,266
Australia,2006,18
Australia,2008,265
Australia,2010,23
Australia,2012,235
Australia,2014,43
Australia,2016,255
Australia-1,1996,3
Australia-1,2000,7
Australia-1,2004,4
Australia-1,2008,2
Australia-1,2012,4
Australia-1,2016,4
Australia-2,1996,3
Australia-2,2000,7
Australia-2,2004,4
Australia-2,2008,2
Australia-2,2012,4
Australia-2,2016,4
Australia-3,2000,2
Austria,1912,10
Austria,1924,5
Austria,1928,10
Austria,1932,4
Austria,1936,33
Austria,1948,60
Austria,1952,86
Austria,1956,20
Austria,1960,69
Austria,1964,41
Austria,1968,30
Austria,1972,38
Austria,1976,30
Austria,1980,36
Austria,1984,54
Austria,1988,45
Austria,1992,64
Austria,1994,28
Austria,1996,21
Austria,1998,39
Austria,2000,45
Austria,2002,32
Austria,2004,26
Austria,2006,33
Austria,2008,38
Austria,2010,41
Austria,2012,38
Austria,2014,74
Austria,2016,40
Austria-1,1928,1
Austria-1,1936,1
Austria-1,1948,1
Austria-1,1956,1
Austria-1,1964,1
Austria-2,1928,1
Austria-2,1936,1
Austria-2,1948,1
Austria-2,1956,1
Austria-2,1964,1
Azerbaijan,1996,4
Azerbaijan,1998,2
Azerbaijan,2000,7
Azerbaijan,2002,1
Azerbaijan,2004,7
Azerbaijan,2006,1
Azerbaijan,2008,14
Azerbaijan,2010,2
Azerbaijan,2012,16
Azerbaijan,2014,1
Azerbaijan,2016,16
Bahamas,1972,1
Bahamas,1976,2
Bahamas,1984,8
Bahamas,1988,5
Bahamas,1992,3
Bahamas,1996,13
Bahamas,2000,15
Bahamas,2004,12
Bahamas,2008,11
Bahamas,2012,13
Bahamas,2016,17
Bahrain,2000,2
Bahrain,2004,3
Bahrain,2008,3
Bahrain,2012,10
Bahrain,2016,13
Bangladesh,1992,1
Bangladesh,1996,1
Bangladesh,2000,4
Bangladesh,2004,1
Bangladesh,2008,2
Bangladesh,2012,1
Bangladesh,2016,3
Barbados,1972,8
Barbados,1976,3
Barbados,1984,3
Barbados,1988,2
Barbados,1992,2
Barbados,1996,3
Barbados,2000,10
Barbados,2004,1
Barbados,2008,2
Barbados,2016,5
Belarus,1994,31
Belarus,1996,114
Belarus,1998,39
Belarus,2000,103
Belarus,2002,47
Belarus,2004,87
Belarus,2006,42
Belarus,2008,92
Belarus,2010,42
Belarus,2012,86
Belarus,2014,30
Belarus,2016,77
Belarus-1,2008,2
Belarus-2,2008,2
Belgium,1912,1
Belgium,1920,14
Belgium,1924,9
Belgium,1928,17
Belgium,1932,26
Belgium,1936,8
Belgium,1948,24
Belgium,1952,8
Belgium,1956,5
Belgium,1960,20
Belgium,1964,8
Belgium,1968,16
Belgium,1972,8
Belgium,1976,56
Belgium,1980,30
Belgium,1984,25
Belgium,1988,36
Belgium,1992,40
Belgium,1994,6
Belgium,1996,28
Belgium,2000,54
Belgium,2004,26
Belgium,2008,22
Belgium,2010,4
Belgium,2012,49
Belgium,2014,5
Belgium,2016,53
Belgium-1,1920,1
Belgium-1,1924,1
Belgium-2,1920,1
Belgium-2,1924,1
Belgium-3,1920,1
Belgium-4,1920,1
Belize,1992,1
Belize,1996,3
Belize,2000,1
Belize,2004,1
Belize,2008,1
Belize,2012,1
Belize,2016,1
Benin,1980,1
Benin,1988,2
Benin,1992,2
Benin,1996,1
Benin,2000,1
Benin,2004,2
Benin,2008,2
Benin,2012,1
Benin,2016,2
Bermuda,1948,5
Bermuda,1952,4
Bermuda,1976,1
Bermuda,1984,1
Bermuda,1988,1
Bermuda,1992,9
Bermuda,1996,2
Bermuda,2000,2
Bermuda,2004,5
Bermuda,2008,4
Bermuda,2012,3
Bermuda,2016,4
Bhutan,1984,3
Bhutan,1992,6
Bhutan,1996,1
Bhutan,2000,1
Bhutan,2004,1
Bhutan,2008,1
Bhutan,2012,2
Bhutan,2016,2
Bohemia,1900,1
Bohemia/Great Britain,1900,1
Bolivia,1984,1
Bolivia,1988,4
Bolivia,1992,9
Bolivia,1996,2
Bolivia,2000,2
Bolivia,2004,7
Bolivia,2008,3
Bolivia,2012,2
Bolivia,2016,6
Bonaparte,2008,1
Bosnia and Herzegovina,1992,6
Bosnia and Herzegovina,1994,2
Bosnia and Herzegovina,1996,2
Bosnia and Herzegovina,1998,2
Bosnia and Herzegovina,2000,2
Bosnia and Herzegovina,2004,2
Bosnia and Herzegovina,2006,4
Bosnia and Herzegovina,2008,1
Bosnia and Herzegovina,2010,7
Bosnia and Herzegovina,2012,2
Bosnia and Herzegovina,2014,5
Bosnia and Herzegovina,2016,4
Botswana,2004,1
Botswana,2008,2
Botswana,2012,1
Botswana,2016,3
Brazil,1932,3
Brazil,1936,8
Brazil,1948,22
Brazil,1952,8
Brazil,1956,1
Brazil,1960,1
Brazil,1964,1
Brazil,1968,4
Brazil,1972,7
Brazil,1976,10
Brazil,1980,19
Brazil,1984,30
Brazil,1988,52
Brazil,1992,62
Brazil,1996,65
Brazil,2000,99
Brazil,2002,2
Brazil,2004,156
Brazil,2006,3
Brazil,2008,162
Brazil,2010,4
Brazil,2012,140
Brazil,2014,10
Brazil,2016,255
Brazil-1,1996,2
Brazil-1,2000,2
Brazil-1,2004,2
Brazil-1,2008,2
Brazil-1,2012,2
Brazil-1,2016,2
Brazil-2,1996,2
Brazil-2,2000,2
Brazil-2,2004,2
Brazil-2,2008,2
Brazil-2,2012,2
Brazil-2,2016,2
Brentina,2008,1
British Virgin Islands,2008,1
British Virgin Islands,2012,1
British Virgin Islands,2016,3
Brunei,2012,1
Brunei,2016,1
Bulgaria,1952,58
Bulgaria,1956,16
Bulgaria,1960,43
Bulgaria,1964,25
Bulgaria,1968,49
Bulgaria,1972,59
Bulgaria,1976,88
Bulgaria,1980,136
Bulgaria,1984,1
Bulgaria,1988,124
Bulgaria,1992,103
Bulgaria,1994,17
Bulgaria,1996,53
Bulgaria,1998,20
Bulgaria,2000,47
Bulgaria,2002,28
Bulgaria,2004,52
Bulgaria,2006,25
Bulgaria,2008,35
Bulgaria,2010,15
Bulgaria,2012,36
Bulgaria,2014,10
Bulgaria,2016,25
Bulgaria-1,1992,2
Bulgaria-2,1992,2
Burkina Faso,1988,2
Burkina Faso,1996,2
Burkina Faso,2000,1
Burkina Faso,2004,2
Burkina Faso,2008,3
Burkina Faso,2012,3
Burkina Faso,2016,2
Burundi,1996,1
Burundi,2000,1
Burundi,2004,2
Burundi,2008,2
Burundi,2012,4
Burundi,2016,4
Calimucho,2008,1
Cambodia,1972,2
Cambodia,1996,2
Cambodia,2000,2
Cambodia,2004,2
Cambodia,2008,2
Cambodia,2012,3
Cambodia,2016,4
Cameroon,1980,4
Cameroon,1984,6
Cameroon,1988,4
Cameroon,1992,8
Cameroon,1996,6
Cameroon,2000,11
Cameroon,2004,9
Cameroon,2008,7
Cameroon,2012,22
Cameroon,2016,17
Canada,1924,2
Canada,1928,15
Canada,1932,29
Canada,1936,32
Canada,1948,37
Canada,1952,42
Canada,1956,48
Canada,1960,54
Canada,1964,67
Canada,1968,107
Canada,1972,140
Canada,1976,240
Canada,1980,34
Canada,1984,251
Canada,1988,237
Canada,1992,250
Canada,1994,51
Canada,1996,200
Canada,1998,89
Canada,2000,218
Canada,2002,96
Canada,2004,185
Canada,2006,128
Canada,2008,185
Canada,2010,130
Canada,2012,208
Canada,2014,148
Canada,2016,250
Canada-1,1932,1
Canada-1,1936,1
Canada-1,1956,1
Canada-1,1960,1
Canada-1,1964,1
Canada-1,1968,1
Canada-1,1972,1
Canada-1,1976,1
Canada-1,1984,2
Canada-1,1988,2
Canada-1,1992,1
Canada-1,1994,1
Canada-1,1996,1
Canada-1,1998,2
Canada-1,2000,3
Canada-1,2002,2
Canada-1,2004,3
Canada-1,2006,4
Canada-1,2010,4
Canada-1,2014,4
Canada-1,2016,2
Canada-2,1932,1
Canada-2,1936,1
Canada-2,1956,1
Canada-2,1960,1
Canada-2,1964,1
Canada-2,1968,1
Canada-2,1972,1
Canada-2,1976,1
Canada-2,1984,2
Canada-2,1988,2
Canada-2,1992,1
Canada-2,1994,1
Canada-2,1996,1
Canada-2,1998,2
Canada-2,2000,3
Canada-2,2002,2
Canada-2,2004,3
Canada-2,2006,4
Canada-2,2010,4
Canada-2,2014,4
Canada-2,2016,2
Canada-3,1964,1
Canada-3,1984,1
Canada-3,1988,2
Canada-3,1992,1
Canada-3,1994,1
Canada-3,2002,1
Canada-3,2014,2
Cape Verde,1996,1
Cape Verde,2000,1
Cape Verde,2004,1
Cape Verde,2008,1
Cape Verde,2012,2
Cape Verde,2016,3
Cayman Islands,1984,1
Cayman Islands,1988,1
Cayman Islands,1996,1
Cayman Islands,2000,3
Cayman Islands,2004,3
Cayman Islands,2008,1
Cayman Islands,2016,2
Central African Republic,1992,3
Central African Republic,1996,2
Central African Republic,2000,2
Central African Republic,2004,2
Central African Republic,2008,1
Central African Republic,2012,3
Central African Republic,2016,3
Chad,1992,2
Chad,1996,1
Chad,2000,2
Chad,2004,1
Chad,2008,1
Chad,2012,2
Chad,2016,1
Chile,1936,1
Chile,1948,8
Chile,1952,5
Chile,1956,2
Chile,1960,1
Chile,1968,4
Chile,1972,2
Chile,1984,4
Chile,1988,1
Chile,1992,3
Chile,1996,6
Chile,2000,8
Chile,2002,3
Chile,2004,8
Chile,2006,5
Chile,2008,7
Chile,2010,5
Chile,2012,18
Chile,2014,6
Chile,2016,21
China,1936,3
China,1948,1
China,1980,16
China,1984,154
China,1988,202
China,1992,244
China,1994,31
China,1996,249
China,1998,61
China,2000,241
China,2002,70
China,2004,299
China,2006,78
China,2008,338
China,2010,80
China,2012,257
China,2014,64
China,2016,285
China-1,1992,4
China-1,1996,5
China-1,2000,7
China-1,2002,1
China-1,2004,9
China-1,2006,1
China-1,2008,7
China-1,2010,1
China-1,2012,5
China-1,2014,1
China-1,2016,5
China-2,1992,4
China-2,1996,5
China-2,2000,7
China-2,2002,1
China-2,2004,9
China-2,2006,1
China-2,2008,7
China-2,2010,1
China-2,2012,5
China-2,2014,1
China-2,2016,5
China-3,2002,1
China-3,2006,1
China-3,2008,2
China-3,2010,1
Chinese Taipei,1960,4
Chinese Taipei,1964,10
Chinese Taipei,1968,31
Chinese Taipei,1972,15
Chinese Taipei,1984,15
Chinese Taipei,1988,52
Chinese Taipei,1992,12
Chinese Taipei,1996,62
Chinese Taipei,1998,1
Chinese Taipei,2000,38
Chinese Taipei,2004,47
Chinese Taipei,2008,44
Chinese Taipei,2012,33
Chinese Taipei,2016,36
Chinese Taipei-1,1996,2
Chinese Taipei-1,2000,2
Chinese Taipei-2,1996,2
Chinese Taipei-2,2000,2
Cincinnati Archers,1904,4
Clearwater,2008,1
Colombia,1968,14
Colombia,1972,12
Colombia,1976,6
Colombia,1984,3
Colombia,1988,15
Colombia,1992,3
Colombia,1996,15
Colombia,2000,24
Colombia,2004,28
Colombia,2008,33
Colombia,2010,2
Colombia,2012,64
Colombia,2016,76
Comoros,1996,1
Comoros,2000,1
Comoros,2004,1
Comoros,2008,1
Comoros,2012,2
Comoros,2016,2
Congo (Brazzaville),1980,14
Congo (Brazzaville),1984,2
Congo (Brazzaville),1988,3
Congo (Brazzaville),1992,1
Congo (Brazzaville),1996,2
Congo (Brazzaville),2000,2
Congo (Brazzaville),2004,3
Congo (Brazzaville),2008,2
Congo (Brazzaville),2012,3
Congo (Brazzaville),2016,3
Congo (Kinshasa),1984,1
Congo (Kinshasa),1988,3
Congo (Kinshasa),1992,2
Congo (Kinshasa),1996,12
Congo (Kinshasa),2000,2
Congo (Kinshasa),2004,1
Congo (Kinshasa),2008,1
Congo (Kinshasa),2012,1
Congo (Kinshasa),2016,2
Cook Islands,1988,2
Cook Islands,1996,1
Cook Islands,2000,1
Cook Islands,2004,1
Cook Islands,2008,1
Cook Islands,2012,5
Cook Islands,2016,5
Costa Rica,1968,3
Costa Rica,1976,5
Costa Rica,1980,4
Costa Rica,1984,1
Costa Rica,1988,20
Costa Rica,1992,8
Costa Rica,1996,7
Costa Rica,2000,3
Costa Rica,2004,4
Costa Rica,2008,2
Costa Rica,2012,3
Costa Rica,2016,5
Cote d'Ivoire,1976,2
Cote d'Ivoire,1984,1
Cote d'Ivoire,1988,17
Cote d'Ivoire,1992,8
Cote d'Ivoire,1996,1
Cote d'Ivoire,2000,9
Cote d'Ivoire,2004,3
Cote d'Ivoire,2008,2
Cote d'Ivoire,2012,6
Cote d'Ivoire,2016,9
Croatia,1992,7
Croatia,1996,16
Croatia,1998,6
Croatia,2000,32
Croatia,2002,12
Croatia,2004,24
Croatia,2006,17
Croatia,2008,30
Croatia,2010,10
Croatia,2012,49
Croatia,2014,9
Croatia,2016,24
Cuba,1956,1
Cuba,1960,11
Cuba,1964,3
Cuba,1968,50
Cuba,1972,35
Cuba,1976,30
Cuba,1980,36
Cuba,1992,57
Cuba,1996,60
Cuba,2000,92
Cuba,2004,61
Cuba,2008,57
Cuba,2012,48
Cuba,2016,43
Cuba-1,2008,2
Cuba-2,2008,2
Cyprus,1980,4
Cyprus,1984,2
Cyprus,1988,5
Cyprus,1992,6
Cyprus,1994,1
Cyprus,1996,4
Cyprus,2000,5
Cyprus,2004,7
Cyprus,2008,11
Cyprus,2010,2
Cyprus,2012,4
Cyprus,2016,7
Czech Republic,1994,35
Czech Republic,1996,68
Czech Republic,1998,36
Czech Republic,2000,47
Czech Republic,2002,54
Czech Republic,2004,76
Czech Republic,2006,53
Czech Republic,2008,67
Czech Republic,2010,52
Czech Republic,2012,70
Czech Republic,2014,64
Czech Republic,2016,52
Czech Republic-1,1994,1
Czech Republic-1,2000,2
Czech Republic-1,2008,2
Czech Republic-1,2012,4
Czech Republic-1,2016,2
Czech Republic-2,1994,1
Czech Republic-2,2000,2
Czech Republic-2,2008,2
Czech Republic-2,2012,4
Czech Republic-2,2016,2
Czechoslovakia,1920,1
Czechoslovakia,1924,4
Czechoslovakia,1928,2
Czechoslovakia,1936,22
Czechoslovakia,1948,25
Czechoslovakia,1952,61
Czechoslovakia,1956,58
Czechoslovakia,1960,50
Czechoslovakia,1964,56
Czechoslovakia,1968,67
Czechoslovakia,1972,82
Czechoslovakia,1976,91
Czechoslovakia,1980,97
Czechoslovakia,1984,28
Czechoslovakia,1988,121
Czechoslovakia,1992,136
Czechoslovakia-1,1964,1
Czechoslovakia-1,1968,1
Czechoslovakia-2,1964,1
Czechoslovakia-2,1968,1
Denmark,1912,2
Denmark,1920,7
Denmark,1924,19
Denmark,1928,12
Denmark,1932,22
Denmark,1936,21
Denmark,1948,29
Denmark,1952,20
Denmark,1956,8
Denmark,1960,13
Denmark,1964,10
Denmark,1968,12
Denmark,1972,18
Denmark,1976,13
Denmark,1980,4
Denmark,1984,13
Denmark,1988,40
Denmark,1992,53
Denmark,1996,74
Denmark,1998,8
Denmark,2000,50
Denmark,2002,6
Denmark,2004,50
Denmark,2006,4
Denmark,2008,30
Denmark,2010,10
Denmark,2012,71
Denmark,2014,4
Denmark,2016,61
Denmark-1,1992,2
Denmark-1,1996,3
Denmark-1,2000,3
Denmark-1,2004,3
Denmark-1,2012,1
Denmark-2,1992,2
Denmark-2,1996,3
Denmark-2,2000,3
Denmark-2,2004,3
Denmark-2,2012,1
Digby,2008,1
Djibouti,2000,1
Djibouti,2008,1
Djibouti,2012,2
Djibouti,2016,1
Dominica,1996,2
Dominica,2000,2
Dominica,2004,1
Dominica,2012,1
Dominica,2016,1
Dominican Republic,1976,2
Dominican Republic,1980,1
Dominican Republic,1984,7
Dominican Republic,1988,1
Dominican Republic,1992,2
Dominican Republic,1996,4
Dominican Republic,2000,2
Dominican Republic,2004,16
Dominican Republic,2008,8
Dominican Republic,2012,21
Dominican Republic,2016,8
Dow Jones,2008,1
East Germany,1968,102
East Germany,1972,149
East Germany,1976,213
East Germany,1980,217
East Germany,1984,30
East Germany,1988,208
East Germany-1,1968,1
East Germany-1,1972,1
East Germany-1,1976,1
East Germany-1,1980,1
East Germany-1,1984,1
East Germany-2,1968,1
East Germany-2,1972,1
East Germany-2,1976,1
East Germany-2,1980,1
East Germany-2,1984,1
East Germany-3,1976,1
East Germany-3,1984,1
Ecuador,1968,2
Ecuador,1980,1
Ecuador,1984,1
Ecuador,1988,4
Ecuador,1992,8
Ecuador,1996,2
Ecuador,2000,3
Ecuador,2004,6
Ecuador,2008,8
Ecuador,2012,13
Ecuador,2016,16
Egypt,1984,11
Egypt,1988,1
Egypt,1992,6
Egypt,1996,4
Egypt,2000,18
Egypt,2004,16
Egypt,2008,34
Egypt,2012,45
Egypt,2016,46
El Salvador,1968,26
El Salvador,1984,2
El Salvador,1988,1
El Salvador,1992,3
El Salvador,1996,3
El Salvador,2000,5
El Salvador,2004,7
El Salvador,2008,10
El Salvador,2012,6
El Salvador,2016,3
Elvis Va,2008,1
Encore,1952,1
Equatorial Guinea,1988,2
Equatorial Guinea,1992,3
Equatorial Guinea,1996,1
Equatorial Guinea,2000,2
Equatorial Guinea,2004,1
Equatorial Guinea,2008,1
Equatorial Guinea,2012,1
Eritrea,2000,1
Eritrea,2004,1
Eritrea,2008,2
Eritrea,2012,1
Eritrea,2016,1
Estonia,1936,2
Estonia,1992,20
Estonia,1994,29
Estonia,1996,12
Estonia,1998,13
Estonia,2000,3
Estonia,2002,10
Estonia,2004,12
Estonia,2006,24
Estonia,2008,17
Estonia,2010,27
Estonia,2012,11
Estonia,2014,20
Estonia,2016,21
Ethiopia,1980,2
Ethiopia,1992,6
Ethiopia,1996,9
Ethiopia,2000,12
Ethiopia,2004,12
Ethiopia,2008,14
Ethiopia,2012,16
Ethiopia,2016,21
Federated States of Micronesia,2000,2
Federated States of Micronesia,2004,2
Federated States of Micronesia,2008,2
Federated States of Micronesia,2012,2
Federated States of Micronesia,2016,3
Feo,1928,1
Fiji,1976,2
Fiji,1984,8
Fiji,1988,15
Fiji,1992,9
Fiji,1996,3
Fiji,2000,4
Fiji,2004,4
Fiji,2008,2
Fiji,2012,3
Fiji,2016,17
Finland,1912,2
Finland,1920,1
Finland,1924,1
Finland,1928,3
Finland,1936,10
Finland,1948,7
Finland,1952,93
Finland,1956,8
Finland,1960,55
Finland,1964,32
Finland,1968,35
Finland,1972,36
Finland,1976,32
Finland,1980,24
Finland,1984,33
Finland,1988,46
Finland,1992,72
Finland,1994,32
Finland,1996,45
Finland,1998,48
Finland,2000,37
Finland,2002,63
Finland,2004,23
Finland,2006,47
Finland,2008,32
Finland,2010,53
Finland,2012,37
Finland,2014,52
Finland,2016,33
France,1900,15
France,1906,2
France,1912,2
France,1920,12
France,1924,47
France,1928,56
France,1932,12
France,1936,13
France,1948,66
France,1952,101
France,1956,49
France,1960,90
France,1964,57
France,1968,108
France,1972,87
France,1976,66
France,1980,42
France,1984,89
France,1988,147
France,1992,223
France,1994,61
France,1996,170
France,1998,49
France,2000,174
France,2002,47
France,2004,171
France,2006,67
France,2008,181
France,2010,69
France,2012,183
France,2014,72
France,2016,215
France-1,1920,1
France-1,1924,3
France-1,1988,1
France-1,1992,1
France-1,1994,1
France-1,1998,2
France-1,2002,1
France-1,2004,2
France-1,2006,1
France-1,2010,1
France-1,2014,1
France-1,2016,1
France-2,1920,1
France-2,1924,3
France-2,1988,1
France-2,1992,1
France-2,1994,1
France-2,1998,2
France-2,2002,1
France-2,2004,2
France-2,2006,1
France-2,2010,1
France-2,2014,1
France-2,2016,1
France-3,1920,1
France-3,1992,1
France-3,1998,1
France/Great Britain,1900,1
Gabon,1984,2
Gabon,1988,1
Gabon,1992,1
Gabon,1996,1
Gabon,2000,2
Gabon,2004,2
Gabon,2008,2
Gabon,2012,2
Gabon,2016,2
Gambia,1984,6
Gambia,1988,1
Gambia,1996,1
Gambia,2000,1
Gambia,2004,1
Gambia,2008,1
Gambia,2012,1
Gambia,2016,1
Georgia,1996,9
Georgia,1998,1
Georgia,2000,14
Georgia,2002,2
Georgia,2004,7
Georgia,2006,1
Georgia,2008,9
Georgia,2010,4
Georgia,2012,8
Georgia,2014,3
Georgia,2016,14
Germany,1908,2
Germany,1912,10
Germany,1928,49
Germany,1932,18
Germany,1936,57
Germany,1952,107
Germany,1956,64
Germany,1960,134
Germany,1964,153
Germany,1992,319
Germany,1994,59
Germany,1996,241
Germany,1998,94
Germany,2000,228
Germany,2002,117
Germany,2004,239
Germany,2006,110
Germany,2008,238
Germany,2010,97
Germany,2012,221
Germany,2014,116
Germany,2016,238
Germany-1,1936,1
Germany-1,1952,1
Germany-1,1960,1
Germany-1,1964,1
Germany-1,1992,1
Germany-1,1994,1
Germany-1,1996,2
Germany-1,1998,1
Germany-1,2000,5
Germany-1,2002,2
Germany-1,2004,2
Germany-1,2006,3
Germany-1,2008,2
Germany-1,2010,3
Germany-1,2012,5
Germany-1,2014,4
Germany-1,2016,4
Germany-2,1936,1
Germany-2,1952,1
Germany-2,1960,1
Germany-2,1964,1
Germany-2,1992,1
Germany-2,1994,1
Germany-2,1996,2
Germany-2,1998,1
Germany-2,2000,5
Germany-2,2002,2
Germany-2,2004,2
Germany-2,2006,3
Germany-2,2008,2
Germany-2,2010,3
Germany-2,2012,5
Germany-2,2014,4
Germany-2,2016,4
Germany-3,1960,1
Germany-3,1964,1
Germany-3,1994,1
Germany-3,2010,2
Germany-3,2014,2
Ghana,1964,4
Ghana,1968,2
Ghana,1972,4
Ghana,1984,11
Ghana,1988,8
Ghana,1992,4
Ghana,1996,2
Ghana,2000,9
Ghana,2004,3
Ghana,2008,1
Ghana,2012,2
Ghana,2016,8
Gran Gesto,2008,1
Great Britain,1900,2
Great Britain,1908,38
Great Britain,1912,14
Great Britain,1920,23
Great Britain,1924,35
Great Britain,1928,38
Great Britain,1932,30
Great Britain,1936,50
Great Britain,1948,118
Great Britain,1952,115
Great Britain,1956,62
Great Britain,1960,108
Great Britain,1964,88
Great Britain,1968,111
Great Britain,1972,160
Great Britain,1976,125
Great Britain,1980,127
Great Britain,1984,197
Great Britain,1988,202
Great Britain,1992,198
Great Britain,1994,9
Great Britain,1996,153
Great Britain,1998,7
Great Britain,2000,177
Great Britain,2002,22
Great Britain,2004,158
Great Britain,2006,22
Great Britain,2008,204
Great Britain,2010,24
Great Britain,2012,330
Great Britain,2014,31
Great Britain,2016,210
Great Britain-1,1908,1
Great Britain-1,1912,1
Great Britain-1,1920,2
Great Britain-1,1924,4
Great Britain-1,1928,1
Great Britain-1,1936,1
Great Britain-1,1948,1
Great Britain-1,1952,1
Great Britain-1,1956,1
Great Britain-1,1976,1
Great Britain-1,1980,1
Great Britain-1,1984,1
Great Britain-1,1988,1
Great Britain-1,1992,2
Great Britain-1,1996,3
Great Britain-1,2000,3
Great Britain-1,2002,2
Great Britain-1,2004,3
Great Britain-1,2008,1
Great Britain-1,2010,3
Great Britain-1,2012,2
Great Britain-1,2016,1
Great Britain-2,1908,1
Great Britain-2,1912,1
Great Britain-2,1920,2
Great Britain-2,1924,4
Great Britain-2,1928,1
Great Britain-2,1936,1
Great Britain-2,1948,1
Great Britain-2,1952,1
Great Britain-2,1956,1
Great Britain-2,1976,1
Great Britain-2,1980,1
Great Britain-2,1984,1
Great Britain-2,1988,1
Great Britain-2,1992,2
Great Britain-2,1996,3
Great Britain-2,2000,3
Great Britain-2,2002,2
Great Britain-2,2004,3
Great Britain-2,2008,1
Great Britain-2,2010,3
Great Britain-2,2012,2
Great Britain-2,2016,1
Great Britain-3,1912,1
Great Britain-3,1920,2
Great Britain-3,1976,1
Great Britain-3,1984,1
Great Britain-4,1920,1
Greece,1906,5
Greece,1924,2
Greece,1936,2
Greece,1948,1
Greece,1972,6
Greece,1976,2
Greece,1980,5
Greece,1984,6
Greece,1988,22
Greece,1992,19
Greece,1994,2
Greece,1996,79
Greece,1998,3
Greece,2000,73
Greece,2002,6
Greece,2004,242
Greece,2006,3
Greece,2008,75
Greece,2010,5
Greece,2012,45
Greece,2014,3
Greece,2016,37
Greece-1,1906,1
Greece-1,2004,2
Greece-1,2008,2
Greece-2,1906,1
Greece-2,2004,2
Greece-2,2008,2
Greece-3,1906,1
Greece-4,1906,1
Grenada,1984,1
Grenada,1988,3
Grenada,1992,1
Grenada,2000,1
Grenada,2004,2
Grenada,2008,5
Grenada,2012,3
Grenada,2016,1
Guam,1988,6
Guam,1992,9
Guam,1996,2
Guam,2000,2
Guam,2004,1
Guam,2008,2
Guam,2012,3
Guam,2016,2
Guatemala,1932,1
Guatemala,1952,2
Guatemala,1968,4
Guatemala,1976,2
Guatemala,1984,14
Guatemala,1988,11
Guatemala,1992,7
Guatemala,1996,1
Guatemala,2000,1
Guatemala,2004,8
Guatemala,2008,4
Guatemala,2012,10
Guatemala,2016,10
Guinea,1992,2
Guinea,1996,1
Guinea,2000,3
Guinea,2004,1
Guinea,2008,3
Guinea,2012,2
Guinea,2016,3
Guinea Bissau,2000,1
Guinea Bissau,2004,2
Guinea Bissau,2008,1
Guinea Bissau,2012,2
Guinea Bissau,2016,2
Guyana,1956,2
Guyana,1960,1
Guyana,1980,2
Guyana,1984,2
Guyana,1988,1
Guyana,1992,1
Guyana,1996,1
Guyana,2000,1
Guyana,2004,2
Guyana,2008,2
Guyana,2012,2
Guyana,2016,4
Haiti,1972,1
Haiti,1976,3
Haiti,1984,2
Haiti,1988,1
Haiti,2000,2
Haiti,2004,1
Haiti,2008,4
Haiti,2012,2
Haiti,2016,3
Heroine,1908,1
Honduras,1984,5
Honduras,1988,5
Honduras,1992,16
Honduras,1996,3
Honduras,2000,2
Honduras,2004,2
Honduras,2008,2
Honduras,2012,3
Honduras,2016,1
Hong Kong,1952,3
Hong Kong,1964,1
Hong Kong,1976,4
Hong Kong,1984,27
Hong Kong,1988,24
Hong Kong,1992,15
Hong Kong,1996,11
Hong Kong,2000,19
Hong Kong,2002,5
Hong Kong,2004,19
Hong Kong,2006,3
Hong Kong,2008,25
Hong Kong,2010,3
Hong Kong,2012,29
Hong Kong,2016,30
Hong Kong-1,2004,2
Hong Kong-2,2004,2
Hungary,1924,4
Hungary,1928,16
Hungary,1932,2
Hungary,1936,25
Hungary,1948,32
Hungary,1952,91
Hungary,1956,62
Hungary,1960,72
Hungary,1964,93
Hungary,1968,86
Hungary,1972,98
Hungary,1976,93
Hungary,1980,123
Hungary,1984,3
Hungary,1988,82
Hungary,1992,136
Hungary,1994,20
Hungary,1996,121
Hungary,1998,14
Hungary,2000,94
Hungary,2002,20
Hungary,2004,109
Hungary,2006,14
Hungary,2008,103
Hungary,2010,21
Hungary,2012,88
Hungary,2014,22
Hungary,2016,90
Hungary-1,1932,1
Hungary-1,1936,1
Hungary-1,1948,1
Hungary-1,1952,1
Hungary-1,1992,1
Hungary-1,2004,2
Hungary-2,1932,1
Hungary-2,1936,1
Hungary-2,1948,1
Hungary-2,1952,1
Hungary-2,1992,1
Hungary-2,2004,2
Iceland,1948,3
Iceland,1956,3
Iceland,1960,1
Iceland,1964,1
Iceland,1968,6
Iceland,1972,1
Iceland,1976,12
Iceland,1980,2
Iceland,1984,6
Iceland,1988,9
Iceland,1992,7
Iceland,1994,3
Iceland,1996,4
Iceland,1998,6
Iceland,2000,12
Iceland,2002,5
Iceland,2004,6
Iceland,2006,4
Iceland,2008,9
Iceland,2010,2
Iceland,2012,12
Iceland,2014,5
Iceland,2016,10
India,1924,2
India,1952,7
India,1956,1
India,1964,1
India,1972,1
India,1980,17
India,1984,10
India,1988,11
India,1992,7
India,1996,9
India,2000,23
India,2004,30
India,2006,2
India,2008,29
India,2012,29
India,2016,62
Individual Olympic Athletes,1992,26
Individual Olympic Athletes,2000,1
Individual Olympic Athletes,2012,1
Individual Olympic Athletes,2016,1
Indonesia,1956,2
Indonesia,1960,2
Indonesia,1972,4
Indonesia,1976,3
Indonesia,1984,4
Indonesia,1988,10
Indonesia,1992,17
Indonesia,1996,15
Indonesia,2000,15
Indonesia,2004,15
Indonesia,2008,9
Indonesia,2012,9
Indonesia,2016,9
Indonesia-1,1992,2
Indonesia-1,1996,3
Indonesia-1,2000,3
Indonesia-1,2004,1
Indonesia-1,2008,1
Indonesia-1,2016,1
Indonesia-2,1992,2
Indonesia-2,1996,3
Indonesia-2,2000,3
Indonesia-2,2004,1
Indonesia-2,2008,1
Indonesia-2,2016,1
Iran,1964,10
Iran,1976,7
Iran,1996,1
Iran,2000,1
Iran,2004,1
Iran,2008,3
Iran,2010,2
Iran,2012,11
Iran,2014,2
Iran,2016,11
Iraq,2000,2
Iraq,2004,1
Iraq,2008,1
Iraq,2012,3
Ireland,1924,4
Ireland,1928,7
Ireland,1932,3
Ireland,1948,6
Ireland,1956,2
Ireland,1960,3
Ireland,1964,2
Ireland,1968,11
Ireland,1972,20
Ireland,1976,5
Ireland,1980,5
Ireland,1984,20
Ireland,1988,13
Ireland,1992,15
Ireland,1996,22
Ireland,2000,31
Ireland,2002,2
Ireland,2004,18
Ireland,2006,2
Ireland,2008,19
Ireland,2010,4
Ireland,2012,34
Ireland,2014,2
Ireland,2016,31
Ireland-1,1924,1
Ireland-2,1924,1
Israel,1952,4
Israel,1956,1
Israel,1960,19
Israel,1964,3
Israel,1968,7
Israel,1972,4
Israel,1976,2
Israel,1984,19
Israel,1988,8
Israel,1992,9
Israel,1996,10
Israel,1998,1
Israel,2000,13
Israel,2002,3
Israel,2004,19
Israel,2008,25
Israel,2010,1
Israel,2012,23
Israel,2014,1
Israel,2016,31
Israel-1,2002,1
Israel-1,2006,1
Israel-2,2002,1
Israel-2,2006,1
Italy,1900,1
Italy,1920,2
Italy,1924,7
Italy,1928,21
Italy,1936,25
Italy,1948,33
Italy,1952,87
Italy,1956,78
Italy,1960,93
Italy,1964,33
Italy,1968,49
Italy,1972,74
Italy,1976,82
Italy,1980,73
Italy,1984,105
Italy,1988,102
Italy,1992,165
Italy,1994,61
Italy,1996,136
Italy,1998,57
Italy,2000,156
Italy,2002,88
Italy,2004,166
Italy,2006,111
Italy,2008,179
Italy,2010,78
Italy,2012,164
Italy,2014,92
Italy,2016,186
Italy-1,1976,1
Italy-1,1992,1
Italy-1,1998,1
Italy-1,2000,2
Italy-1,2002,1
Italy-1,2004,2
Italy-1,2006,3
Italy-1,2008,2
Italy-1,2010,1
Italy-1,2012,3
Italy-1,2014,2
Italy-2,1976,1
Italy-2,1992,1
Italy-2,1998,1
Italy-2,2000,2
Italy-2,2002,1
Italy-2,2004,2
Italy-2,2006,3
Italy-2,2008,2
Italy-2,2010,1
Italy-2,2012,3
Italy-2,2014,2
Italy-3,1976,1
Jamaica,1948,9
Jamaica,1952,3
Jamaica,1964,9
Jamaica,1968,11
Jamaica,1972,19
Jamaica,1976,19
Jamaica,1980,14
Jamaica,1984,24
Jamaica,1988,19
Jamaica,1992,24
Jamaica,1996,32
Jamaica,2000,36
Jamaica,2004,35
Jamaica,2008,36
Jamaica,2012,33
Jamaica,2016,43
Japan,1928,2
Japan,1932,27
Japan,1936,27
Japan,1952,17
Japan,1956,58
Japan,1960,73
Japan,1964,117
Japan,1968,84
Japan,1972,118
Japan,1976,119
Japan,1980,9
Japan,1984,117
Japan,1988,160
Japan,1992,169
Japan,1994,36
Japan,1996,205
Japan,1998,102
Japan,2000,125
Japan,2002,88
Japan,2004,196
Japan,2006,87
Japan,2008,218
Japan,2010,72
Japan,2012,196
Japan,2014,96
Japan,2016,209
Japan-1,1992,4
Japan-1,1996,6
Japan-1,2000,6
Japan-1,2004,4
Japan-1,2008,2
Japan-1,2012,2
Japan-2,1992,4
Japan-2,1996,6
Japan-2,2000,6
Japan-2,2004,4
Japan-2,2008,2
Japan-2,2012,2
Japan-3,1992,2
Jordan,1984,1
Jordan,1988,2
Jordan,1992,1
Jordan,1996,2
Jordan,2000,4
Jordan,2004,4
Jordan,2008,4
Jordan,2012,4
Jordan,2016,1
Kazakhstan,1994,28
Kazakhstan,1996,36
Kazakhstan,1998,36
Kazakhstan,2000,53
Kazakhstan,2002,52
Kazakhstan,2004,47
Kazakhstan,2006,30
Kazakhstan,2008,74
Kazakhstan,2010,48
Kazakhstan,2012,47
Kazakhstan,2014,41
Kazakhstan,2016,57
Kenya,1956,1
Kenya,1968,3
Kenya,1972,3
Kenya,1984,6
Kenya,1988,6
Kenya,1992,9
Kenya,1996,10
Kenya,2000,23
Kenya,2004,24
Kenya,2008,18
Kenya,2012,22
Kenya,2016,34
Kiribati,2004,1
Kiribati,2012,1
Kiribati,2016,1
Kosovo,2016,5
Kuwait,2004,1
Kuwait,2012,3
Kyrgyzstan,1994,2
Kyrgyzstan,1996,10
Kyrgyzstan,2000,20
Kyrgyzstan,2004,7
Kyrgyzstan,2008,4
Kyrgyzstan,2010,1
Kyrgyzstan,2012,3
Kyrgyzstan,2016,7
L'Aile VI,1928,1
Lancet,2008,1
Laos,1980,2
Laos,1988,1
Laos,1996,1
Laos,2000,1
Laos,2004,2
Laos,2008,2
Laos,2012,1
Laos,2016,2
Latvia,1928,2
Latvia,1936,3
Latvia,1992,15
Latvia,1994,10
Latvia,1996,17
Latvia,1998,16
Latvia,2000,17
Latvia,2002,8
Latvia,2004,11
Latvia,2006,20
Latvia,2008,18
Latvia,2010,20
Latvia,2012,14
Latvia,2014,13
Latvia,2016,13
Lebanon,1972,2
Lebanon,1976,1
Lebanon,1980,3
Lebanon,1984,1
Lebanon,1988,3
Lebanon,1996,1
Lebanon,2000,2
Lebanon,2002,2
Lebanon,2004,2
Lebanon,2006,5
Lebanon,2008,2
Lebanon,2010,4
Lebanon,2012,7
Lebanon,2014,1
Lebanon,2016,5
Lerina,1900,3
Lesotho,1992,2
Lesotho,1996,5
Lesotho,2000,2
Lesotho,2004,2
Lesotho,2008,1
Lesotho,2012,2
Lesotho,2016,1
Liberia,1984,1
Liberia,1988,3
Liberia,1996,1
Liberia,2000,2
Liberia,2004,1
Liberia,2008,2
Liberia,2012,2
Liberia,2016,1
Libya,1980,5
Libya,2004,2
Libya,2008,2
Libya,2012,1
Libya,2016,1
Liechtenstein,1968,3
Liechtenstein,1972,3
Liechtenstein,1976,11
Liechtenstein,1980,8
Liechtenstein,1984,9
Liechtenstein,1988,12
Liechtenstein,1992,6
Liechtenstein,1994,2
Liechtenstein,1996,2
Liechtenstein,1998,7
Liechtenstein,2000,1
Liechtenstein,2002,1
Liechtenstein,2006,3
Liechtenstein,2010,1
Liechtenstein,2012,3
Liechtenstein,2014,1
Liechtenstein,2016,2
Linglom,1964,1
Lithuania,1928,1
Lithuania,1992,19
Lithuania,1994,6
Lithuania,1996,22
Lithuania,1998,5
Lithuania,2000,30
Lithuania,2002,5
Lithuania,2004,15
Lithuania,2006,7
Lithuania,2008,33
Lithuania,2010,5
Lithuania,2012,30
Lithuania,2014,11
Lithuania,2016,20
Llanoria,1952,1
Lucky Star,2008,1
Luxembourg,1924,2
Luxembourg,1928,2
Luxembourg,1936,1
Luxembourg,1948,4
Luxembourg,1956,5
Luxembourg,1960,13
Luxembourg,1964,2
Luxembourg,1968,3
Luxembourg,1972,1
Luxembourg,1984,1
Luxembourg,1988,4
Luxembourg,1992,1
Luxembourg,1996,4
Luxembourg,2000,7
Luxembourg,2004,7
Luxembourg,2006,1
Luxembourg,2008,4
Luxembourg,2012,4
Luxembourg,2016,7
Macedonia,1996,6
Macedonia,1998,1
Macedonia,2000,8
Macedonia,2004,6
Macedonia,2006,2
Macedonia,2008,2
Macedonia,2010,1
Macedonia,2012,2
Macedonia,2014,1
Macedonia,2016,4
Madagascar,1980,6
Madagascar,1992,9
Madagascar,1996,10
Madagascar,2000,8
Madagascar,2004,5
Madagascar,2008,2
Madagascar,2012,4
Madagascar,2016,4
Malawi,1972,4
Malawi,1992,1
Malawi,2000,1
Malawi,2004,2
Malawi,2008,2
Malawi,2012,2
Malawi,2016,2
Malaya,1956,1
Malaysia,1964,6
Malaysia,1972,5
Malaysia,1984,4
Malaysia,1988,8
Malaysia,1996,3
Malaysia,2000,13
Malaysia,2004,11
Malaysia,2008,16
Malaysia,2012,16
Malaysia,2016,19
Maldives,1992,1
Maldives,1996,1
Maldives,2000,2
Maldives,2004,2
Maldives,2008,2
Maldives,2012,2
Maldives,2016,2
Mali,1980,1
Mali,1988,2
Mali,1992,2
Mali,1996,2
Mali,2000,2
Mali,2004,2
Mali,2008,14
Mali,2012,2
Mali,2016,2
Malta,1980,1
Malta,1984,2
Malta,1988,1
Malta,1992,5
Malta,1996,5
Malta,2000,3
Malta,2004,3
Malta,2008,3
Malta,2012,2
Malta,2014,2
Malta,2016,4
Marshall Islands,2008,2
Marshall Islands,2012,2
Marshall Islands,2016,3
Mauritania,2000,1
Mauritania,2004,1
Mauritania,2008,1
Mauritania,2012,1
Mauritania,2016,1
Mauritius,1984,1
Mauritius,1988,2
Mauritius,1992,12
Mauritius,1996,7
Mauritius,2000,6
Mauritius,2004,3
Mauritius,2008,5
Mauritius,2012,7
Mauritius,2016,6
Mauritius-1,1996,1
Mauritius-2,1996,1
May Be,1936,1
Mexico,1932,2
Mexico,1948,9
Mexico,1952,3
Mexico,1956,3
Mexico,1960,13
Mexico,1964,6
Mexico,1968,103
Mexico,1972,71
Mexico,1976,15
Mexico,1980,24
Mexico,1984,41
Mexico,1988,30
Mexico,1992,45
Mexico,1996,31
Mexico,2000,34
Mexico,2004,67
Mexico,2008,51
Mexico,2012,45
Mexico,2016,56
Mistral Hojris,2008,1
Moldova,1994,2
Moldova,1996,5
Moldova,1998,2
Moldova,2000,5
Moldova,2002,5
Moldova,2004,7
Moldova,2006,7
Moldova,2008,8
Moldova,2010,4
Moldova,2012,8
Moldova,2014,2
Moldova,2016,9
Monaco,1988,1
Monaco,1992,1
Monaco,1996,1
Monaco,2000,1
Monaco,2004,1
Monaco,2006,5
Monaco,2008,1
Monaco,2010,4
Monaco,2012,1
Monaco,2014,2
Mongolia,1964,19
Mongolia,1968,16
Mongolia,1972,2
Mongolia,1976,2
Mongolia,1980,12
Mongolia,1988,10
Mongolia,1992,8
Mongolia,1996,6
Mongolia,2000,11
Mongolia,2002,1
Mongolia,2004,8
Mongolia,2006,1
Mongolia,2008,17
Mongolia,2010,1
Mongolia,2012,14
Mongolia,2014,1
Mongolia,2016,20
Montenegro,2008,2
Montenegro,2012,15
Montenegro,2014,1
Montenegro,2016,18
Morocco,1972,3
Morocco,1984,1
Morocco,1988,4
Morocco,1992,6
Morocco,1996,6
Morocco,2000,9
Morocco,2004,9
Morocco,2008,12
Morocco,2012,19
Morocco,2014,2
Morocco,2016,21
Mozambique,1980,3
Mozambique,1984,2
Mozambique,1988,4
Mozambique,1992,4
Mozambique,1996,1
Mozambique,2000,2
Mozambique,2004,2
Mozambique,2008,2
Mozambique,2012,2
Mozambique,2016,1
Myanmar,1988,3
Myanmar,1992,4
Myanmar,1996,1
Myanmar,2000,6
Myanmar,2004,2
Myanmar,2008,2
Myanmar,2012,3
Myanmar,2016,3
Mythilus,2008,1
Namibia,1992,3
Namibia,1996,3
Namibia,2000,6
Namibia,2004,1
Namibia,2008,5
Namibia,2012,4
Namibia,2016,6
Nauru,2000,1
Nauru,2004,1
Nepal,1988,3
Nepal,1992,1
Nepal,1996,3
Nepal,2000,3
Nepal,2004,3
Nepal,2008,4
Nepal,2012,3
Nepal,2016,4
Netherlands,1920,1
Netherlands,1924,15
Netherlands,1928,55
Netherlands,1932,25
Netherlands,1936,33
Netherlands,1948,46
Netherlands,1952,89
Netherlands,1956,2
Netherlands,1960,71
Netherlands,1964,35
Netherlands,1968,55
Netherlands,1972,98
Netherlands,1976,99
Netherlands,1980,41
Netherlands,1984,97
Netherlands,1988,97
Netherlands,1992,144
Netherlands,1994,20
Netherlands,1996,124
Netherlands,1998,27
Netherlands,2000,109
Netherlands,2002,18
Netherlands,2004,105
Netherlands,2006,26
Netherlands,2008,121
Netherlands,2010,35
Netherlands,2012,101
Netherlands,2014,41
Netherlands,2016,172
Netherlands Antilles,1968,2
Netherlands Antilles,1984,7
Netherlands Antilles,1988,1
Netherlands Antilles,1992,1
Netherlands Antilles,2000,1
Netherlands-1,1996,2
Netherlands-1,2002,2
Netherlands-1,2006,2
Netherlands-1,2012,2
Netherlands-1,2016,2
Netherlands-2,1996,2
Netherlands-2,2002,2
Netherlands-2,2006,2
Netherlands-2,2012,2
Netherlands-2,2016,2
New Zealand,1920,2
New Zealand,1924,2
New Zealand,1928,5
New Zealand,1932,1
New Zealand,1948,1
New Zealand,1952,6
New Zealand,1956,11
New Zealand,1960,12
New Zealand,1964,23
New Zealand,1968,18
New Zealand,1972,17
New Zealand,1976,23
New Zealand,1980,4
New Zealand,1984,44
New Zealand,1988,24
New Zealand,1992,49
New Zealand,1994,2
New Zealand,1996,45
New Zealand,1998,4
New Zealand,2000,84
New Zealand,2002,3
New Zealand,2004,82
New Zealand,2006,8
New Zealand,2008,89
New Zealand,2010,9
New Zealand,2012,94
New Zealand,2014,8
New Zealand,2016,114
Nicaragua,1972,2
Nicaragua,1980,3
Nicaragua,1992,2
Nicaragua,1996,1
Nicaragua,2000,2
Nicaragua,2004,4
Nicaragua,2008,3
Nicaragua,2012,3
Nicaragua,2016,2
Niger,1996,1
Niger,2000,2
Niger,2004,1
Niger,2008,2
Niger,2012,2
Niger,2016,2
Nigeria,1964,2
Nigeria,1968,9
Nigeria,1972,11
Nigeria,1980,10
Nigeria,1984,3
Nigeria,1988,15
Nigeria,1992,30
Nigeria,1996,27
Nigeria,2000,45
Nigeria,2004,46
Nigeria,2008,47
Nigeria,2012,28
Nigeria,2016,28
Nigeria-1,2000,2
Nigeria-1,2004,2
Nigeria-2,2000,2
Nigeria-2,2004,2
North Korea,1964,11
North Korea,1972,24
North Korea,1976,2
North Korea,1980,38
North Korea,1984,8
North Korea,1988,10
North Korea,1992,80
North Korea,1996,9
North Korea,1998,13
North Korea,2000,26
North Korea,2004,51
North Korea,2006,5
North Korea,2008,44
North Korea,2010,2
North Korea,2012,40
North Korea,2016,25
North Korea-1,1992,2
North Korea-1,1996,2
North Korea-2,1992,2
North Korea-2,1996,2
Norway,1912,3
Norway,1920,6
Norway,1924,4
Norway,1928,3
Norway,1932,2
Norway,1936,9
Norway,1948,14
Norway,1952,37
Norway,1956,24
Norway,1960,12
Norway,1964,17
Norway,1968,65
Norway,1972,75
Norway,1976,26
Norway,1980,20
Norway,1984,49
Norway,1988,51
Norway,1992,95
Norway,1994,48
Norway,1996,62
Norway,1998,62
Norway,2000,54
Norway,2002,56
Norway,2004,14
Norway,2006,56
Norway,2008,55
Norway,2010,55
Norway,2012,32
Norway,2014,77
Norway,2016,37
Norway-1,2004,2
Norway-1,2008,2
Norway-2,1924,1
Norway-2,2004,2
Norway-2,2008,2
Oman,2008,1
Oman,2012,1
Oman,2016,2
Orion,2008,1
Pakistan,1996,1
Pakistan,2000,1
Pakistan,2004,2
Pakistan,2008,2
Pakistan,2012,2
Pakistan,2016,3
Palau,2000,3
Palau,2004,2
Palau,2008,2
Palau,2012,3
Palau,2016,3
Palestine,2000,1
Palestine,2004,1
Palestine,2008,2
Palestine,2012,2
Palestine,2016,2
Panama,1960,6
Panama,1964,9
Panama,1976,3
Panama,1984,1
Panama,1996,2
Panama,2000,3
Panama,2004,2
Panama,2008,2
Panama,2012,2
Panama,2016,9
Papua New Guinea,1984,5
Papua New Guinea,1988,3
Papua New Guinea,1992,3
Papua New Guinea,2000,3
Papua New Guinea,2004,2
Papua New Guinea,2008,4
Papua New Guinea,2012,4
Papua New Guinea,2016,2
Paraguay,1992,3
Paraguay,1996,1
Paraguay,2000,3
Paraguay,2004,2
Paraguay,2008,4
Paraguay,2012,4
Paraguay,2014,1
Paraguay,2016,5
Peru,1964,1
Peru,1968,16
Peru,1972,4
Peru,1976,14
Peru,1980,20
Peru,1984,19
Peru,1988,15
Peru,1992,6
Peru,1996,17
Peru,2000,13
Peru,2004,5
Peru,2008,6
Peru,2010,2
Peru,2012,7
Peru,2014,2
Peru,2016,15
Philippines,1956,5
Philippines,1960,5
Philippines,1964,14
Philippines,1968,10
Philippines,1972,9
Philippines,1976,3
Philippines,1984,8
Philippines,1988,7
Philippines,1992,5
Philippines,1996,7
Philippines,2000,10
Philippines,2004,5
Philippines,2008,6
Philippines,2012,4
Philippines,2016,6
Poland,1924,1
Poland,1928,14
Poland,1932,12
Poland,1936,19
Poland,1948,7
Poland,1952,83
Poland,1956,73
Poland,1960,84
Poland,1964,89
Poland,1968,92
Poland,1972,93
Poland,1976,60
Poland,1980,127
Poland,1984,14
Poland,1988,59
Poland,1992,104
Poland,1994,33
Poland,1996,53
Poland,1998,32
Poland,2000,79
Poland,2002,8
Poland,2004,72
Poland,2006,34
Poland,2008,131
Poland,2010,61
Poland,2012,107
Poland,2014,73
Poland,2016,125
Poland-1,1992,2
Poland-1,2008,2
Poland-1,2012,2
Poland-2,1992,2
Poland-2,2008,2
Poland-2,2012,2
Pop Art,2008,1
Portugal,1952,15
Portugal,1960,17
Portugal,1964,5
Portugal,1968,5
Portugal,1980,5
Portugal,1984,11
Portugal,1988,15
Portugal,1992,29
Portugal,1996,39
Portugal,1998,1
Portugal,2000,13
Portugal,2004,18
Portugal,2008,29
Portugal,2012,42
Portugal,2014,2
Portugal,2016,34
Puerto Rico,1960,1
Puerto Rico,1964,8
Puerto Rico,1968,18
Puerto Rico,1976,20
Puerto Rico,1984,10
Puerto Rico,1988,9
Puerto Rico,1992,9
Puerto Rico,1996,28
Puerto Rico,2000,7
Puerto Rico,2004,13
Puerto Rico,2008,7
Puerto Rico,2012,9
Puerto Rico,2016,28
Qatar,2012,5
Qatar,2016,2
Quando Quando,2008,1
Quicksilver-2,1908,1
Rambo,2008,1
Refugee Olympic Athletes,2016,5
Relampago,2008,1
Rhodesia,1960,1
Romania,1928,2
Romania,1936,3
Romania,1952,61
Romania,1956,59
Romania,1960,49
Romania,1964,64
Romania,1968,22
Romania,1972,64
Romania,1976,93
Romania,1980,121
Romania,1984,102
Romania,1988,106
Romania,1992,161
Romania,1994,24
Romania,1996,123
Romania,1998,9
Romania,2000,128
Romania,2002,21
Romania,2004,98
Romania,2006,26
Romania,2008,88
Romania,2010,28
Romania,2012,73
Romania,2014,15
Romania,2016,71
Romania-1,1992,2
Romania-1,2016,2
Romania-2,1992,2
Romania-2,2016,2
Russia,1924,1
Russia,1994,78
Russia,1996,233
Russia,1998,69
Russia,2000,269
Russia,2002,97
Russia,2004,257
Russia,2006,105
Russia,2008,281
Russia,2010,116
Russia,2012,275
Russia,2014,142
Russia,2016,199
Russia-1,1994,2
Russia-1,1998,2
Russia-1,2002,2
Russia-1,2004,4
Russia-1,2006,2
Russia-1,2008,2
Russia-1,2010,4
Russia-1,2012,4
Russia-1,2014,4
Russia-1,2016,2
Russia-2,1994,2
Russia-2,1998,2
Russia-2,2002,2
Russia-2,2004,4
Russia-2,2006,2
Russia-2,2008,2
Russia-2,2010,4
Russia-2,2012,4
Russia-2,2014,4
Russia-2,2016,2
Russia-3,1994,2
Russia-3,1998,2
Russia-3,2002,1
Russia-3,2006,2
Russia-3,2010,2
Russia-3,2014,2
Rwanda,1984,2
Rwanda,1988,4
Rwanda,1992,3
Rwanda,2000,2
Rwanda,2004,2
Rwanda,2008,2
Rwanda,2012,2
Rwanda,2016,3
Saar,1952,7
Saint Kitts and Nevis,1996,9
Saint Kitts and Nevis,2000,2
Saint Kitts and Nevis,2004,1
Saint Kitts and Nevis,2008,4
Saint Kitts and Nevis,2016,1
Saint Lucia,1996,1
Saint Lucia,2000,2
Saint Lucia,2004,1
Saint Lucia,2008,3
Saint Lucia,2012,3
Saint Lucia,2016,3
Saint Vincent and the Grenadines,1988,1
Saint Vincent and the Grenadines,1992,2
Saint Vincent and the Grenadines,1996,1
Saint Vincent and the Grenadines,2000,2
Saint Vincent and the Grenadines,2004,1
Saint Vincent and the Grenadines,2008,1
Saint Vincent and the Grenadines,2012,1
Saint Vincent and the Grenadines,2016,2
Salinero,2008,1
Samoa,1996,1
Samoa,2000,1
Samoa,2004,1
Samoa,2008,2
Samoa,2012,3
Samoa,2016,4
San Marino,1976,2
San Marino,1984,3
San Marino,1992,1
San Marino,1996,1
San Marino,2000,1
San Marino,2004,1
San Marino,2008,2
San Marino,2012,3
San Marino,2014,1
San Marino,2016,2
Sao Tome and Principe,1996,1
Sao Tome and Principe,2000,1
Sao Tome and Principe,2004,1
Sao Tome and Principe,2008,1
Sao Tome and Principe,2012,1
Sao Tome and Principe,2016,1
Saskia,1936,1
Satchmo,2008,1
Saudi Arabia,2012,2
Saudi Arabia,2016,3
Senegal,1976,3
Senegal,1980,4
Senegal,1984,1
Senegal,1988,1
Senegal,1992,2
Senegal,2000,23
Senegal,2004,13
Senegal,2008,7
Senegal,2012,7
Senegal,2016,16
Serbia,2008,27
Serbia,2010,8
Serbia,2012,42
Serbia,2014,5
Serbia,2016,57
Serbia and Montenegro,1996,14
Serbia and Montenegro,1998,1
Serbia and Montenegro,2000,26
Serbia and Montenegro,2002,2
Serbia and Montenegro,2004,9
Serbia and Montenegro,2006,6
Seychelles,1980,4
Seychelles,1984,3
Seychelles,1992,3
Seychelles,1996,1
Seychelles,2000,3
Seychelles,2004,2
Seychelles,2008,3
Seychelles,2012,2
Seychelles,2016,2
Sierra Leone,1980,7
Sierra Leone,1984,1
Sierra Leone,1988,1
Sierra Leone,1992,5
Sierra Leone,1996,7
Sierra Leone,2000,1
Sierra Leone,2004,1
Sierra Leone,2008,1
Sierra Leone,2012,1
Sierra Leone,2016,2
Singapore,1952,2
Singapore,1956,3
Singapore,1972,3
Singapore,1976,1
Singapore,1988,1
Singapore,1992,14
Singapore,1996,10
Singapore,2000,13
Singapore,2004,11
Singapore,2008,23
Singapore,2012,24
Singapore,2016,20
Singapore-1,2004,2
Singapore-2,2004,2
Skidoo,1952,1
Slovakia,1994,26
Slovakia,1996,27
Slovakia,1998,19
Slovakia,2000,36
Slovakia,2002,23
Slovakia,2004,22
Slovakia,2006,38
Slovakia,2008,28
Slovakia,2010,43
Slovakia,2012,30
Slovakia,2014,41
Slovakia,2016,24
Slovakia-1,2004,2
Slovakia-2,2004,2
Slovenia,1992,21
Slovenia,1994,21
Slovenia,1996,14
Slovenia,1998,26
Slovenia,2000,26
Slovenia,2002,41
Slovenia,2004,31
Slovenia,2006,39
Slovenia,2008,27
Slovenia,2010,46
Slovenia,2012,48
Slovenia,2014,41
Slovenia,2016,29
Slovenia-1,2004,2
Slovenia-2,2004,2
Solomon Islands,1996,1
Solomon Islands,2000,1
Solomon Islands,2004,1
Solomon Islands,2008,2
Solomon Islands,2012,2
Solomon Islands,2016,2
Solos Carex,2008,1
Somalia,2000,1
Somalia,2004,1
Somalia,2008,1
Somalia,2012,1
Somalia,2016,1
South Africa,1920,2
South Africa,1928,12
South Africa,1932,5
South Africa,1936,12
South Africa,1948,2
South Africa,1952,9
South Africa,1956,13
South Africa,1960,9
South Africa,1992,45
South Africa,1994,2
South Africa,1996,37
South Africa,1998,1
South Africa,2000,49
South Africa,2004,49
South Africa,2008,80
South Africa,2012,61
South Africa,2016,46
South Korea,1948,1
South Korea,1952,1
South Korea,1960,13
South Korea,1964,48
South Korea,1968,19
South Korea,1972,19
South Korea,1976,17
South Korea,1980,9
South Korea,1984,79
South Korea,1988,207
South Korea,1992,91
South Korea,1994,21
South Korea,1996,135
South Korea,1998,22
South Korea,2000,117
South Korea,2002,28
South Korea,2004,131
South Korea,2006,30
South Korea,2008,115
South Korea,2010,35
South Korea,2012,132
South Korea,2014,54
South Korea,2016,114
South Korea-1,1992,4
South Korea-1,1996,5
South Korea-1,2000,5
South Korea-1,2004,5
South Korea-1,2008,3
South Korea-1,2012,2
South Korea-1,2016,2
South Korea-2,1992,4
South Korea-2,1996,5
South Korea-2,2000,5
South Korea-2,2004,5
South Korea-2,2008,3
South Korea-2,2012,2
South Korea-2,2016,2
South Sudan,2016,1
South Vietnam,1968,2
Soviet Union,1952,97
Soviet Union,1956,91
Soviet Union,1960,127
Soviet Union,1964,145
Soviet Union,1968,159
Soviet Union,1972,170
Soviet Union,1976,218
Soviet Union,1980,247
Soviet Union,1984,36
Soviet Union,1988,266
Soviet Union-1,1960,1
Soviet Union-1,1964,1
Soviet Union-1,1968,1
Soviet Union-1,1972,1
Soviet Union-1,1976,2
Soviet Union-1,1980,2
Soviet Union-1,1984,2
Soviet Union-1,1988,2
Soviet Union-2,1960,1
Soviet Union-2,1964,1
Soviet Union-2,1968,1
Soviet Union-2,1972,1
Soviet Union-2,1976,2
Soviet Union-2,1980,2
Soviet Union-2,1984,2
Soviet Union-2,1988,2
Soviet Union-3,1968,1
Soviet Union-3,1972,1
Soviet Union-3,1976,2
Soviet Union-3,1980,2
Soviet Union-3,1984,2
Soviet Union-3,1988,2
Spain,1924,4
Spain,1936,2
Spain,1960,44
Spain,1964,5
Spain,1968,3
Spain,1972,12
Spain,1976,26
Spain,1980,28
Spain,1984,53
Spain,1988,76
Spain,1992,186
Spain,1994,10
Spain,1996,148
Spain,1998,6
Spain,2000,148
Spain,2002,6
Spain,2004,180
Spain,2006,16
Spain,2008,142
Spain,2010,15
Spain,2012,132
Spain,2014,11
Spain,2016,167
Spain-1,1924,1
Spain-1,2004,2
Spain-1,2008,2
Spain-1,2012,2
Spain-1,2016,3
Spain-2,1924,1
Spain-2,2004,2
Spain-2,2008,2
Spain-2,2012,2
Spain-2,2016,2
Sri Lanka,1988,4
Sri Lanka,1992,8
Sri Lanka,1996,6
Sri Lanka,2000,13
Sri Lanka,2004,4
Sri Lanka,2008,4
Sri Lanka,2012,3
Sri Lanka,2016,2
Sudan,2000,1
Sudan,2004,1
Sudan,2008,4
Sudan,2012,2
Sudan,2016,2
Sunrise,2008,1
Suriname,1988,4
Suriname,1992,2
Suriname,1996,5
Suriname,2000,3
Suriname,2004,2
Suriname,2008,2
Suriname,2012,2
Suriname,2016,2
Swaziland,1996,1
Swaziland,2000,2
Swaziland,2004,1
Swaziland,2008,2
Swaziland,2012,1
Swaziland,2016,1
Sweden,1908,3
Sweden,1912,31
Sweden,1920,21
Sweden,1924,24
Sweden,1928,18
Sweden,1932,6
Sweden,1936,14
Sweden,1948,28
Sweden,1952,96
Sweden,1956,73
Sweden,1960,70
Sweden,1964,77
Sweden,1968,59
Sweden,1972,75
Sweden,1976,51
Sweden,1980,75
Sweden,1984,91
Sweden,1988,86
Sweden,1992,111
Sweden,1994,48
Sweden,1996,91
Sweden,1998,72
Sweden,2000,75
Sweden,2002,73
Sweden,2004,75
Sweden,2006,73
Sweden,2008,96
Sweden,2010,80
Sweden,2012,102
Sweden,2014,64
Sweden,2016,112
Sweden-1,1912,2
Sweden-1,1920,1
Sweden-1,1924,1
Sweden-1,1996,1
Sweden-2,1912,2
Sweden-2,1920,1
Sweden-2,1924,1
Sweden-2,1996,1
Sweden-3,1912,2
Sweden-4,1912,1
Switzerland,1924,5
Switzerland,1928,3
Switzerland,1936,10
Switzerland,1948,28
Switzerland,1952,27
Switzerland,1956,14
Switzerland,1960,16
Switzerland,1964,18
Switzerland,1968,21
Switzerland,1972,89
Switzerland,1976,17
Switzerland,1980,27
Switzerland,1984,100
Switzerland,1988,73
Switzerland,1992,82
Switzerland,1994,38
Switzerland,1996,70
Switzerland,1998,35
Switzerland,2000,55
Switzerland,2002,46
Switzerland,2004,58
Switzerland,2006,58
Switzerland,2008,48
Switzerland,2010,62
Switzerland,2012,37
Switzerland,2014,94
Switzerland,2016,57
Switzerland-1,1964,1
Switzerland-1,2006,2
Switzerland-1,2010,2
Switzerland-1,2016,2
Switzerland-2,1964,1
Switzerland-2,2006,2
Switzerland-2,2010,2
Switzerland-2,2016,2
Syria,1972,1
Syria,1980,3
Syria,1992,1
Syria,1996,1
Syria,2000,2
Syria,2004,1
Syria,2008,1
Syria,2012,4
Syria,2016,3
Tajikistan,1996,2
Tajikistan,2000,2
Tajikistan,2004,4
Tajikistan,2008,3
Tajikistan,2012,3
Tajikistan,2016,2
Tanzania,1980,8
Tanzania,1984,3
Tanzania,1996,1
Tanzania,2000,1
Tanzania,2004,2
Tanzania,2008,2
Tanzania,2012,2
Tanzania,2016,2
Thailand,1964,9
Thailand,1976,7
Thailand,1984,11
Thailand,1988,2
Thailand,1992,35
Thailand,1996,20
Thailand,2000,26
Thailand,2004,21
Thailand,2008,30
Thailand,2012,21
Thailand,2014,1
Thailand,2016,30
Timor Leste,2004,1
Timor Leste,2008,1
Timor Leste,2012,1
Timor Leste,2016,2
Togo,2000,1
Togo,2004,1
Togo,2008,1
Togo,2012,2
Togo,2014,3
Togo,2016,3
Tonga,1988,2
Tonga,1996,1
Tonga,2000,1
Tonga,2004,1
Tonga,2008,1
Tonga,2012,1
Tonga,2016,3
Trinidad and Tobago,1972,1
Trinidad and Tobago,1984,8
Trinidad and Tobago,1988,5
Trinidad and Tobago,1996,6
Trinidad and Tobago,2000,7
Trinidad and Tobago,2004,10
Trinidad and Tobago,2008,13
Trinidad and Tobago,2012,12
Trinidad and Tobago,2016,18
Tunisia,1976,2
Tunisia,1984,4
Tunisia,1988,5
Tunisia,1992,4
Tunisia,1996,7
Tunisia,2000,7
Tunisia,2004,12
Tunisia,2008,12
Tunisia,2012,21
Tunisia,2016,21
Turkey,1936,2
Turkey,1948,1
Turkey,1960,4
Turkey,1972,1
Turkey,1976,1
Turkey,1984,3
Turkey,1988,8
Turkey,1992,8
Turkey,1996,13
Turkey,2000,20
Turkey,2002,2
Turkey,2004,27
Turkey,2006,7
Turkey,2008,21
Turkey,2010,6
Turkey,2012,67
Turkey,2014,6
Turkey,2016,54
Turkmenistan,1996,3
Turkmenistan,2000,4
Turkmenistan,2004,3
Turkmenistan,2008,4
Turkmenistan,2012,3
Turkmenistan,2016,5
Tuvalu,2008,1
Tuvalu,2012,1
Twinkle,1960,1
Uganda,1964,3
Uganda,1972,2
Uganda,1984,2
Uganda,1988,8
Uganda,1992,2
Uganda,1996,5
Uganda,2000,4
Uganda,2004,2
Uganda,2008,2
Uganda,2012,4
Uganda,2016,8
Ukraine,1994,28
Ukraine,1996,133
Ukraine,1998,49
Ukraine,2000,152
Ukraine,2002,39
Ukraine,2004,162
Ukraine,2006,44
Ukraine,2008,162
Ukraine,2010,49
Ukraine,2012,143
Ukraine,2014,56
Ukraine,2016,141
Ukraine-1,1994,1
Ukraine-1,1998,1
Ukraine-1,2002,2
Ukraine-1,2006,2
Ukraine-1,2008,2
Ukraine-1,2010,1
Ukraine-1,2016,2
Ukraine-2,1994,1
Ukraine-2,1998,1
Ukraine-2,2002,2
Ukraine-2,2006,2
Ukraine-2,2008,2
Ukraine-2,2010,1
Ukraine-2,2016,2
Unified Team,1992,316
Unified Team-1,1992,4
Unified Team-2,1992,4
Unified Team-3,1992,2
United Arab Emirates,2008,2
United Arab Emirates,2012,2
United Arab Emirates,2016,3
United States,1900,8
United States,1904,12
United States,1920,22
United States,1924,32
United States,1928,57
United States,1932,128
United States,1936,65
United States,1948,75
United States,1952,112
United States,1956,113
United States,1960,128
United States,1964,164
United States,1968,181
United States,1972,195
United States,1976,223
United States,1980,41
United States,1984,299
United States,1988,343
United States,1992,362
United States,1994,86
United States,1996,355
United States,1998,122
United States,2000,332
United States,2002,127
United States,2004,328
United States,2006,129
United States,2008,356
United States,2010,134
United States,2012,333
United States,2014,147
United States,2016,359
United States Virgin Islands,1976,4
United States Virgin Islands,1984,6
United States Virgin Islands,1988,8
United States Virgin Islands,1992,11
United States Virgin Islands,1994,1
United States Virgin Islands,1996,8
United States Virgin Islands,1998,1
United States Virgin Islands,2000,3
United States Virgin Islands,2002,2
United States Virgin Islands,2004,2
United States Virgin Islands,2008,2
United States Virgin Islands,2012,5
United States Virgin Islands,2014,2
United States Virgin Islands,2016,2
United States-1,1924,3
United States-1,1928,1
United States-1,1932,1
United States-1,1936,1
United States-1,1948,1
United States-1,1952,1
United States-1,1956,1
United States-1,1960,1
United States-1,1964,1
United States-1,1968,1
United States-1,1972,1
United States-1,1976,2
United States-1,1980,2
United States-1,1984,2
United States-1,1988,2
United States-1,1992,2
United States-1,1994,1
United States-1,1996,2
United States-1,1998,2
United States-1,2000,4
United States-1,2002,4
United States-1,2004,6
United States-1,2006,4
United States-1,2008,4
United States-1,2010,4
United States-1,2012,5
United States-1,2014,4
United States-1,2016,5
United States-2,1924,3
United States-2,1928,1
United States-2,1932,1
United States-2,1936,1
United States-2,1948,1
United States-2,1952,1
United States-2,1956,1
United States-2,1960,1
United States-2,1964,1
United States-2,1968,1
United States-2,1972,1
United States-2,1976,2
United States-2,1980,2
United States-2,1984,2
United States-2,1988,2
United States-2,1992,2
United States-2,1994,1
United States-2,1996,2
United States-2,1998,2
United States-2,2000,4
United States-2,2002,4
United States-2,2004,6
United States-2,2006,4
United States-2,2008,4
United States-2,2010,4
United States-2,2012,5
United States-2,2014,4
United States-2,2016,5
United States-3,1960,1
United States-3,1964,1
United States-3,1968,1
United States-3,1972,1
United States-3,1976,1
United States-3,1984,2
United States-3,1988,1
United States-3,1992,1
United States-3,1994,1
United States-3,1996,2
United States-3,2006,1
United States-3,2010,3
United States-3,2014,3
United States/Great Britain,1900,1
Uruguay,1948,1
Uruguay,1952,1
Uruguay,1968,28
Uruguay,1972,7
Uruguay,1976,3
Uruguay,1984,2
Uruguay,1988,2
Uruguay,1996,2
Uruguay,2000,3
Uruguay,2004,2
Uruguay,2008,3
Uruguay,2012,3
Uruguay,2016,5
Uzbekistan,1994,2
Uzbekistan,1996,20
Uzbekistan,1998,2
Uzbekistan,2000,27
Uzbekistan,2002,3
Uzbekistan,2004,22
Uzbekistan,2006,2
Uzbekistan,2008,20
Uzbekistan,2010,3
Uzbekistan,2012,19
Uzbekistan,2014,2
Uzbekistan,2016,27
Uzbekistan-1,1994,1
Uzbekistan-2,1994,1
Vanuatu,1988,2
Vanuatu,1992,3
Vanuatu,1996,1
Vanuatu,2000,1
Vanuatu,2004,1
Vanuatu,2008,2
Vanuatu,2012,2
Venezuela,1952,2
Venezuela,1960,9
Venezuela,1964,2
Venezuela,1972,8
Venezuela,1976,22
Venezuela,1984,1
Venezuela,1988,2
Venezuela,1992,4
Venezuela,1996,6
Venezuela,1998,1
Venezuela,2000,22
Venezuela,2002,1
Venezuela,2004,18
Venezuela,2008,58
Venezuela,2012,36
Venezuela,2016,29
Vietnam,1980,10
Vietnam,1988,2
Vietnam,1992,8
Vietnam,1996,3
Vietnam,2000,4
Vietnam,2004,5
Vietnam,2008,10
Vietnam,2012,16
Vietnam,2016,16
West Germany,1968,132
West Germany,1972,180
West Germany,1976,142
West Germany,1980,31
West Germany,1984,220
West Germany,1988,202
West Germany-1,1968,1
West Germany-1,1972,1
West Germany-2,1968,1
West Germany-2,1972,1
West Germany-3,1968,1
Yemen,2000,1
Yemen,2008,1
Yemen,2012,1
Yemen,2016,1
Yugoslavia,1936,15
Yugoslavia,1948,12
Yugoslavia,1952,60
Yugoslavia,1956,14
Yugoslavia,1960,22
Yugoslavia,1964,10
Yugoslavia,1968,27
Yugoslavia,1972,45
Yugoslavia,1976,7
Yugoslavia,1980,35
Yugoslavia,1984,65
Yugoslavia,1988,59
Yugoslavia,1992,7
Zambia,1964,1
Zambia,1972,4
Zambia,1992,3
Zambia,1996,1
Zambia,2000,2
Zambia,2004,2
Zambia,2008,2
Zambia,2012,2
Zambia,2016,2
Zimbabwe,1960,10
Zimbabwe,1964,6
Zimbabwe,1980,22
Zimbabwe,1984,3
Zimbabwe,1988,9
Zimbabwe,1992,12
Zimbabwe,1996,3
Zimbabwe,2000,8
Zimbabwe,2004,5
Zimbabwe,2008,8
Zimbabwe,2012,5
Zimbabwe,2016,22
